no;x_m;y_m;z_m;quelle
1;16.361;1.928;0.537;U10 input_3.json
2;24.174;18.489;0.237;U10 input_3.json
3;44.155;22.1;0.274;U10 input_3.json
4;56.034;37.552;0.145;U10 input_3.json
5;76.823;44.657;0.45;U10 input_3.json
6;93.933;61.204;0.284;U10 input_3.json
7;103.56;79.605;0.405;U10 input_3.json
8;116.629;67.891;0.35;U10 input_3.json
9;138.936;55.525;0.177;U10 input_3.json
10;153.008;40.669;0.616;U10 input_3.json
11;121.677;83.646;-0.103;U10 input_3.json
12;141.682;88.099;-0.475;U10 input_3.json
13;151.3661;101.9998;-0.2720075;U10 input_3.json
14;168.30800000000002;107.836;-0.565;U10 input_3.json
15;181.416;123.36699999999999;-0.6;U10 input_3.json
16;205.154;113.761;-0.4000000000000001;U10 input_3.json
17;203.0319;130.8303;-0.6;U10 input_3.json
18;219.184;149.059;-0.9999999999999998;U10 input_3.json
19;241.683;157.884;-1.2;U10 input_3.json
20;255.873;175.72;-1.65;U10 input_3.json
21;277.366;182.392;-1.6;U10 input_3.json
22;284.004;193.779;-2.2;U10 input_3.json
23;297.358;189.952;-1.9000000000000001;U10 input_3.json
24;309.259;193.681;-2.4999999999999996;U10 input_3.json
25;308.535;209.204;-3.15;U10 input_3.json
26;298.467;209.615;-3.0;U10 input_3.json
27;220.448;97.652;0.050000000000000044;U10 input_3.json
28;238.003;89.312;-0.3;U10 input_3.json
29;170.654;33.408;0.4;U10 input_3.json
30;181.20428900000002;17.174649;1.29;U10 input_3.json
101;18.54;-4.834;0.12200000000001465;U10 input_3.json
102;47.989;18.036;0.032999999381613576;U10 input_3.json
103;55.065;41.06;-0.19400000057368572;U10 input_3.json
104;80.581;40.388;-0.1279999999999909;U10 input_3.json
105;122.596;57.411;-0.12900000016390567;U10 input_3.json
106;151.487;37.125;0.2619999996647334;U10 input_3.json
107;141.563;82.66;-1.251;U10 input_3.json
108;182.304;110.361;-0.89;U10 input_3.json
109;254.304;182.149;-2.073;U10 input_3.json
110;275.525;193.698;-2.403;U10 input_3.json
111;294.001;209.147;-3.153;U10 input_3.json
112;217.051;152.155;-1.433;U10 input_3.json
113;172.126;36.292;-0.612;U10 input_3.json
114;172.082;11.24;-0.783;U10 input_3.json
115;249.524;55.359;-0.883;U10 input_3.json
330;123.243236;58.16457;-7.105427e-15;U10 input_3.json
2001;-1.0000000003174137e-05;0.0;8.700000000000001;U10 input_3.json
2002;23.001999999999995;20.153;8.618;U10 input_3.json
2003;80.00399999999999;55.046;8.529;U10 input_3.json
2004;93.40799999999999;79.242;8.372;U10 input_3.json
2005;106.46499999999999;81.548;8.28000002;U10 input_3.json
2006;141.80901;58.05100000000001;8.662000009999998;U10 input_3.json
2007;160.37601;43.76400000000001;8.886000009999998;U10 input_3.json
2008;120.222;85.32600000000001;8.232000009999998;U10 input_3.json
2009;148.94501;105.034;7.950000009999998;U10 input_3.json
2010;175.577;123.721;7.803000009999998;U10 input_3.json
2011;201.958;110.49000000000001;7.747000019999998;U10 input_3.json
2012;220.96201;113.24099900000002;7.807000019999998;U10 input_3.json
2014;243.46699999999998;155.69500900000003;7.157000019999997;U10 input_3.json
2015;277.61701;178.26499900000002;6.7430000199999975;U10 input_3.json
2016;288.41401;186.772003;6.476000019999997;U10 input_3.json
2017;314.5560359;188.98271;5.747;U10 input_3.json
2018;308.21042500000004;221.1369396;4.836;U10 input_3.json
2019;218.304997;94.75599900000002;8.057000019999997;U10 input_3.json
2020;240.94700699999999;92.46700500000001;8.197000019999997;U10 input_3.json
2021;192.946;16.26700000000001;9.637000009999998;U10 input_3.json
3001;-1.101000000858221e-05;-3.0400000099461977e-06;0.0;U10 input_3.json
3002;23.002;20.153;-0.082;U10 input_3.json
3003;80.004;55.046;-0.1710000005289839;U10 input_3.json
3004;93.408;79.242;-0.3280000001862602;U10 input_3.json
3005;106.465;81.548;-0.42000000036507434;U10 input_3.json
3006;141.809;58.051;-0.03800000014900473;U10 input_3.json
3007;160.376;43.764;0.186;U10 input_3.json
3008;120.222;85.326;-0.46800000078230736;U10 input_3.json
3009;148.945;105.034;-0.75;U10 input_3.json
3010;175.577;123.721;-0.897;U10 input_3.json
3011;201.958;110.49;-0.953;U10 input_3.json
3012;220.962;113.241;-0.893;U10 input_3.json
3014;243.467;155.695;-1.543;U10 input_3.json
3015;277.617;178.265;-1.957;U10 input_3.json
3016;288.414;186.772;-2.224;U10 input_3.json
3017;314.556;188.983;-2.753;U10 input_3.json
3018;308.21;221.137;-3.664;U10 input_3.json
3019;218.305;94.756;-0.643;U10 input_3.json
3020;240.947;92.467;-0.503;U10 input_3.json
3021;192.946;16.267;0.9369999999999999;U10 input_3.json
