no;linie;knoten_i;knoten_j;typ_rf5;typ_text;qs_start;qs_ende;laenge_m;quelle
1;3;101;1;9;Seil;1;1;7.116524;U10 + lines.csv
2;2;3001;1;9;Seil;1;1;16.482968;U10 + lines.csv
3;4;2;1;9;Seil;1;1;18.313921;U10 + lines.csv
4;6;3002;2;9;Seil;1;1;2.060156;U10 + lines.csv
5;7;3;2;9;Seil;1;1;20.304705;U10 + lines.csv
6;8;3;102;9;Seil;1;1;5.592292;U10 + lines.csv
7;9;4;3;9;Seil;1;1;19.490808;U10 + lines.csv
8;10;4;103;9;Seil;1;1;3.655126;U10 + lines.csv
9;11;5;4;9;Seil;1;1;21.971722;U10 + lines.csv
10;12;104;5;9;Seil;1;1;5.716731;U10 + lines.csv
11;13;5;3003;9;Seil;1;1;10.882818;U10 + lines.csv
12;15;6;3003;9;Seil;1;1;15.236306;U10 + lines.csv
13;18;6;7;9;Seil;1;1;20.767536;U10 + lines.csv
14;19;3005;7;9;Seil;1;1;3.590947;U10 + lines.csv
15;17;3004;7;9;Seil;1;1;10.184899;U10 + lines.csv
16;20;8;6;9;Seil;1;1;23.6607;U10 + lines.csv
17;23;330;8;9;Seil;1;1;11.7675;U10 + lines.csv
18;27;330;9;9;Seil;1;1;15.914192;U10 + lines.csv
19;29;3006;9;9;Seil;1;1;3.831583;U10 + lines.csv
20;32;10;9;9;Seil;1;1;20.467404;U10 + lines.csv
21;36;10;106;9;Seil;1;1;3.872815;U10 + lines.csv
22;37;10;3007;9;Seil;1;1;8.003209;U10 + lines.csv
23;25;11;8;9;Seil;1;1;16.550152;U10 + lines.csv
24;26;11;3008;9;Seil;1;1;2.252254;U10 + lines.csv
25;28;11;12;9;Seil;1;1;20.497991;U10 + lines.csv
26;82;12;107;9;Seil;1;1;5.495367;U10 + lines.csv
27;33;13;12;9;Seil;1;1;16.942705;U10 + lines.csv
28;35;13;3009;9;Seil;1;1;3.911083;U10 + lines.csv
29;38;13;14;9;Seil;1;1;17.921357;U10 + lines.csv
30;101;14;108;9;Seil;1;1;14.225655;U10 + lines.csv
31;41;15;14;9;Seil;1;1;20.32321;U10 + lines.csv
32;43;15;3010;9;Seil;1;1;5.857256;U10 + lines.csv
33;44;15;17;9;Seil;1;1;22.868056;U10 + lines.csv
34;47;17;16;9;Seil;1;1;17.201869;U10 + lines.csv
35;46;3011;16;9;Seil;1;1;4.606481;U10 + lines.csv
36;49;3012;16;9;Seil;1;1;15.824232;U10 + lines.csv
37;48;17;18;9;Seil;1;1;24.358486;U10 + lines.csv
38;51;112;18;9;Seil;1;1;3.784494;U10 + lines.csv
39;53;19;18;9;Seil;1;1;24.168691;U10 + lines.csv
40;54;19;3014;9;Seil;1;1;2.844649;U10 + lines.csv
41;56;19;20;9;Seil;1;1;22.796524;U10 + lines.csv
42;57;20;109;9;Seil;1;1;6.631194;U10 + lines.csv
43;58;20;21;9;Seil;1;1;22.504825;U10 + lines.csv
44;59;3015;21;9;Seil;1;1;4.15001;U10 + lines.csv
45;62;21;22;9;Seil;1;1;13.194196;U10 + lines.csv
46;65;22;110;9;Seil;1;1;8.481816;U10 + lines.csv
47;87;23;22;9;Seil;1;1;13.894792;U10 + lines.csv
48;66;23;3016;9;Seil;1;1;9.498027;U10 + lines.csv
49;68;24;23;9;Seil;1;1;12.485962;U10 + lines.csv
50;75;24;3017;9;Seil;1;1;7.084732;U10 + lines.csv
51;71;23;3017;9;Seil;1;1;17.246384;U10 + lines.csv
52;85;26;22;9;Seil;1;1;21.46153;U10 + lines.csv
53;67;26;111;9;Seil;1;1;4.49306;U10 + lines.csv
54;22;26;3018;9;Seil;1;1;15.103755;U10 + lines.csv
55;73;25;3018;9;Seil;1;1;11.948486;U10 + lines.csv
56;69;25;26;9;Seil;1;1;10.077502;U10 + lines.csv
57;72;24;25;9;Seil;1;1;15.553463;U10 + lines.csv
58;89;3012;27;9;Seil;1;1;15.625952;U10 + lines.csv
59;91;27;28;9;Seil;1;1;19.438522;U10 + lines.csv
60;95;29;113;9;Seil;1;1;3.392401;U10 + lines.csv
61;94;10;29;9;Seil;1;1;19.082717;U10 + lines.csv
62;96;29;30;9;Seil;1;1;19.38098;U10 + lines.csv
63;98;30;3021;9;Seil;1;1;11.782029;U10 + lines.csv
64;97;30;114;9;Seil;1;1;11.078517;U10 + lines.csv
65;90;27;3019;9;Seil;1;1;3.668721;U10 + lines.csv
66;93;28;115;9;Seil;1;1;35.859163;U10 + lines.csv
67;92;28;3020;9;Seil;1;1;4.319997;U10 + lines.csv
81;81;105;330;9;Seil;1;1;1.00171;U10 + lines.csv
1001;135;3001;2001;1;Balken;3;10;8.7;U10 + lines.csv
1002;136;3002;2002;1;Balken;5;4;8.7;U10 + lines.csv
1003;1;3003;2003;1;Balken;11;4;8.7;U10 + lines.csv
1004;138;3004;2004;1;Balken;5;4;8.7;U10 + lines.csv
1005;139;3005;2005;1;Balken;5;4;8.7;U10 + lines.csv
1006;142;3006;2006;1;Balken;5;4;8.7;U10 + lines.csv
1007;143;3007;2007;1;Balken;5;4;8.7;U10 + lines.csv
1008;141;3008;2008;1;Balken;5;4;8.7;U10 + lines.csv
1009;145;3009;2009;1;Balken;5;4;8.7;U10 + lines.csv
1010;146;3010;2010;1;Balken;5;4;8.7;U10 + lines.csv
1011;148;3011;2011;1;Balken;5;4;8.7;U10 + lines.csv
1012;149;3012;2012;1;Balken;5;4;8.7;U10 + lines.csv
1014;152;3014;2014;1;Balken;5;4;8.7;U10 + lines.csv
1015;153;3015;2015;1;Balken;5;4;8.7;U10 + lines.csv
1016;154;3016;2016;1;Balken;5;4;8.7;U10 + lines.csv
1017;76;3017;2017;1;Balken;9;8;8.5;U10 + lines.csv
1018;78;3018;2018;1;Balken;9;8;8.5;U10 + lines.csv
1019;150;3019;2019;1;Balken;5;4;8.7;U10 + lines.csv
1020;151;3020;2020;1;Balken;5;4;8.7;U10 + lines.csv
1021;5;3021;2021;1;Balken;12;4;8.7;U10 + lines.csv
