no;bezeichnung;material;A_cm2;Ay_cm2;Az_cm2;It_cm4;Iy_cm4;Iz_cm4;verwendung
1;Seil PE 5 | Pfeifer;5;0.38;0.3192;0.3192;0.0423;0.0211;0.0211;Seile
2;KR 405/185/35/35/0;2;271.25;0.0;0.0;1094.6034;19507.651;19507.651;Maste (Voute)
3;KR 200/82/35/35/0;2;127.4;0.0;0.0;507.2904;2391.9292;2357.4612;Maste (Voute)
4;KR 405/185/35/35/0;6;271.25;0.0;0.0;1094.6034;19507.651;19507.651;Maste (Voute)
5;KR 200/82/35/35/0;6;127.4;0.0;0.0;507.2904;2391.9292;2357.4612;Maste (Voute)
6;KR 399.1/182/35/35/0;6;267.1162;118.3502;118.3583;1077.7238;18672.2871;18668.2558;Maste (Voute)
7;Rohr 247/36;2;238.6354;120.6344;120.6344;27333.8944;13666.9472;13666.9472;Maste (Voute)
8;Rohr 355.6/24;2;250.0205;124.3831;124.3831;69089.7749;34544.8875;34544.8875;Maste (Voute)
9;Rohr 247/24;2;168.1381;84.0049;84.0049;21145.462;10572.731;10572.731;Maste (Voute)
10;KR 399.1/182/35/35/0;2;267.1162;118.3502;118.3583;1077.7238;18672.2871;18668.2558;Maste (Voute)
11;KR 202.1/83.1/35/35/0;6;128.8674;62.2892;62.5265;513.2791;2466.6329;2431.8023;Maste (Voute)
12;KR 201.2/82.6/35/35/0;6;128.2267;62.0361;62.274;510.6643;2433.8255;2399.1533;Maste (Voute)
13;KR 200.3/82.1/35/35/0;6;127.6077;61.7917;62.0302;508.138;2402.4108;2367.8875;Maste (Voute)
