no;knoten;ux;uy;uz;phix;phiy;phiz;drehung_z_rad;hinweis
2;101-106;fest;fest;fest;frei;frei;fest;-0.7853982;Werte -1 = starr, 0 = frei, sonst Federkonstante
5;109,111;fest;fest;fest;frei;frei;fest;0.7853982;Werte -1 = starr, 0 = frei, sonst Federkonstante
6;115;fest;fest;fest;frei;frei;fest;0.0;Werte -1 = starr, 0 = frei, sonst Federkonstante
7;2011,2012,2020;fest;fest;fest;fest;fest;fest;0.8377581;Werte -1 = starr, 0 = frei, sonst Federkonstante
8;2021;fest;fest;fest;fest;fest;fest;0.06981317;Werte -1 = starr, 0 = frei, sonst Federkonstante
11;2019;fest;fest;fest;fest;fest;fest;0.9250245;Werte -1 = starr, 0 = frei, sonst Federkonstante
18;2002;fest;fest;fest;fest;fest;fest;-0.9681342;Werte -1 = starr, 0 = frei, sonst Federkonstante
19;2001;fest;fest;fest;fest;fest;fest;-0.3577925;Werte -1 = starr, 0 = frei, sonst Federkonstante
25;2018;fest;fest;fest;fest;fest;fest;1.570796;Werte -1 = starr, 0 = frei, sonst Federkonstante
26;2017;fest;fest;fest;fest;fest;fest;1.919862;Werte -1 = starr, 0 = frei, sonst Federkonstante
27;110;fest;fest;fest;frei;frei;fest;0.7853982;Werte -1 = starr, 0 = frei, sonst Federkonstante
28;112;fest;fest;fest;frei;frei;fest;0.7853982;Werte -1 = starr, 0 = frei, sonst Federkonstante
29;114;fest;fest;fest;frei;frei;fest;0.7853982;Werte -1 = starr, 0 = frei, sonst Federkonstante
30;113;fest;fest;fest;frei;frei;fest;0.7853982;Werte -1 = starr, 0 = frei, sonst Federkonstante
31;107;fest;fest;fest;frei;frei;fest;0.7853982;Werte -1 = starr, 0 = frei, sonst Federkonstante
32;108;fest;fest;fest;frei;frei;fest;0.7853982;Werte -1 = starr, 0 = frei, sonst Federkonstante
33;2003;fest;fest;fest;fest;fest;fest;-0.9686577;Werte -1 = starr, 0 = frei, sonst Federkonstante
34;2004;fest;fest;fest;fest;fest;fest;-2.412918;Werte -1 = starr, 0 = frei, sonst Federkonstante
35;2005;fest;fest;fest;fest;fest;fest;0.596728;Werte -1 = starr, 0 = frei, sonst Federkonstante
36;2006;fest;fest;fest;fest;fest;fest;-2.180789;Werte -1 = starr, 0 = frei, sonst Federkonstante
37;2007;fest;fest;fest;fest;fest;fest;0.9620255;Werte -1 = starr, 0 = frei, sonst Federkonstante
38;2008;fest;fest;fest;fest;fest;fest;2.172935;Werte -1 = starr, 0 = frei, sonst Federkonstante
39;2009;fest;fest;fest;fest;fest;fest;2.157925;Werte -1 = starr, 0 = frei, sonst Federkonstante
40;2010;fest;fest;fest;fest;fest;fest;2.193181;Werte -1 = starr, 0 = frei, sonst Federkonstante
41;2014;fest;fest;fest;fest;fest;fest;2.172935;Werte -1 = starr, 0 = frei, sonst Federkonstante
42;2015;fest;fest;fest;fest;fest;fest;-1.505695;Werte -1 = starr, 0 = frei, sonst Federkonstante
43;2016;fest;fest;fest;fest;fest;fest;3.086964;Werte -1 = starr, 0 = frei, sonst Federkonstante
