LF;nr;Fx_kN;Fy_kN;Fz_kN;anzahl;knoten
10;1;0.0;0.0;1.0;30;1,2,3,4,5,6,7,8,9,10,11,12,13,14,15,16,17,18,19,20,21,22,23,24,25,26,27,28,29,30
30;1;0.021;0.0;0.0;31;1,2,3,4,5,6,7,8,9,10,11,12,13,14,15,16,17,18,19,20,21,22,23,24,25,26,27,28,29,30,330
31;1;-0.021;0.0;0.0;28;1,2,3,4,5,6,7,8,9,10,11,13,14,16,17,18,19,20,21,22,23,24,25,26,27,28,30,113
31;2;-0.021;0.0;0.0;1;1
32;1;0.021;0.0;0.0;29;1,2,3,4,5,6,7,8,9,10,11,12,13,14,15,16,17,18,19,20,21,22,23,25,26,27,28,330,3012
33;1;0.0;-0.021;0.0;29;1,2,3,4,5,6,8,9,10,12,13,14,15,16,17,18,19,20,21,22,23,24,25,26,27,28,29,30,330
40;1;0.0;0.0;0.065;30;1,2,3,4,5,6,7,8,9,10,11,12,13,14,15,16,17,18,19,20,21,22,23,24,25,26,27,28,29,30
41;1;0.0;0.0;0.029;29;1,2,3,4,5,6,8,9,10,11,12,13,14,15,16,17,18,19,20,21,22,23,24,25,26,27,28,29,30
43;1;0.0;0.0;1.5;30;1,2,3,4,5,6,7,8,9,10,11,12,13,14,15,16,17,18,19,20,21,22,23,24,25,26,27,28,29,30
50;1;0.0235;0.0;0.0;30;1,2,3,4,5,6,7,8,9,10,11,12,13,14,15,16,17,18,19,20,21,22,23,24,25,26,27,28,29,30
51;1;-0.024;0.0;0.0;30;1,2,3,4,5,6,7,8,9,10,11,12,13,14,15,16,17,18,19,20,21,22,23,24,25,26,27,28,29,30
52;1;0.0;0.024;0.0;30;1,3,4,5,6,7,8,9,10,11,12,13,14,15,16,17,18,19,20,21,22,23,24,25,26,27,28,29,30,3002
53;1;0.0;-0.024;0.0;30;1,2,3,4,5,6,7,8,9,10,11,12,13,14,15,16,17,18,19,20,21,22,23,24,25,26,27,28,29,30
60;1;0.010599999;0.0;0.0;30;1,2,3,4,5,6,7,8,9,10,11,12,13,14,15,16,17,18,19,20,21,22,23,24,25,26,27,28,29,30
61;1;-0.011;0.0;0.0;30;1,2,3,4,5,6,7,8,9,10,11,12,13,14,15,16,17,18,19,20,21,22,23,24,25,26,27,28,29,30
62;1;0.0;0.011;0.0;30;1,2,3,4,5,6,7,8,9,10,11,12,13,14,15,16,17,18,19,20,21,22,23,24,25,26,27,28,29,30
63;1;0.0;-0.011;0.0;30;1,2,3,4,5,6,7,8,9,10,11,12,13,14,15,16,17,18,19,20,21,22,23,24,25,26,27,28,29,30
