parameter;wert;hinweis
MaxIterations;100;
LoadCaseIncrements;5;
LoadCombinationIncrements;5;
MaximumIncreasingLoading;1000;
MemberDivisionsForResultDiagram;10;
SpecialMemberDivisions;10;
MemberDivisionsForMaxMin;10;
FeMeshSubdivisions;3;
NewtonRaphsonPickard;5;
DivisionForMembersWithNodes;False;
ShearStiffness;True;
LargeDeformationDivisions;False;
ModifyStiffness;True;
ConsiderExtraOptions;True;
IgnoreRotationDegreesOfFreedom;False;
CheckForcesAndMoments;True;
StressOnBeams;False;
NonsymmetricDirectSolver;False;
ChangeStandardSettings;False;
ConvergencePrecision;0.0;
InstabilityDetection;0.0;
DynamicRelaxationTimeStep;0.0;
IterativeCalculationRobustness;0.0;
MinimumInitialStrain;0.0;
AlwaysUseMinimumStrain;False;
solver_code;1;
theory_code;1;
theorie;III. Ordnung, Newton-Raphson, g = 10,00 m/s²;RF5-Ausdruck via BEFUND Rev0 §6 (E7 offen)
