knoten;LK;option_R1;option_R2_ux_m;option_R2_uy_m;option_R2_uz_m;quelle_R2
8;100;u_x=u_y=u_z=0 (starr);;;;RF5 13bb Ergebnis Knoten 8, LK 100 (einzutragen)
8;101;u_x=u_y=u_z=0 (starr);;;;RF5 13bb Ergebnis Knoten 8, LK 101 (einzutragen)
8;200;u_x=u_y=u_z=0 (starr);;;;RF5 13bb Ergebnis Knoten 8, LK 200 (einzutragen)
8;201;u_x=u_y=u_z=0 (starr);;;;RF5 13bb Ergebnis Knoten 8, LK 201 (einzutragen)
8;202;u_x=u_y=u_z=0 (starr);;;;RF5 13bb Ergebnis Knoten 8, LK 202 (einzutragen)
8;203;u_x=u_y=u_z=0 (starr);;;;RF5 13bb Ergebnis Knoten 8, LK 203 (einzutragen)
8;204;u_x=u_y=u_z=0 (starr);;;;RF5 13bb Ergebnis Knoten 8, LK 204 (einzutragen)
8;205;u_x=u_y=u_z=0 (starr);;;;RF5 13bb Ergebnis Knoten 8, LK 205 (einzutragen)
8;206;u_x=u_y=u_z=0 (starr);;;;RF5 13bb Ergebnis Knoten 8, LK 206 (einzutragen)
8;207;u_x=u_y=u_z=0 (starr);;;;RF5 13bb Ergebnis Knoten 8, LK 207 (einzutragen)
8;208;u_x=u_y=u_z=0 (starr);;;;RF5 13bb Ergebnis Knoten 8, LK 208 (einzutragen)
8;209;u_x=u_y=u_z=0 (starr);;;;RF5 13bb Ergebnis Knoten 8, LK 209 (einzutragen)
8;210;u_x=u_y=u_z=0 (starr);;;;RF5 13bb Ergebnis Knoten 8, LK 210 (einzutragen)
8;211;u_x=u_y=u_z=0 (starr);;;;RF5 13bb Ergebnis Knoten 8, LK 211 (einzutragen)
8;212;u_x=u_y=u_z=0 (starr);;;;RF5 13bb Ergebnis Knoten 8, LK 212 (einzutragen)
8;213;u_x=u_y=u_z=0 (starr);;;;RF5 13bb Ergebnis Knoten 8, LK 213 (einzutragen)
8;214;u_x=u_y=u_z=0 (starr);;;;RF5 13bb Ergebnis Knoten 8, LK 214 (einzutragen)
8;215;u_x=u_y=u_z=0 (starr);;;;RF5 13bb Ergebnis Knoten 8, LK 215 (einzutragen)
8;216;u_x=u_y=u_z=0 (starr);;;;RF5 13bb Ergebnis Knoten 8, LK 216 (einzutragen)
8;217;u_x=u_y=u_z=0 (starr);;;;RF5 13bb Ergebnis Knoten 8, LK 217 (einzutragen)
8;218;u_x=u_y=u_z=0 (starr);;;;RF5 13bb Ergebnis Knoten 8, LK 218 (einzutragen)
8;220;u_x=u_y=u_z=0 (starr);;;;RF5 13bb Ergebnis Knoten 8, LK 220 (einzutragen)
